modified	.github/workflows/ci.yml
added	.github/workflows/foundation-qualification.yml
modified	.velnor/freshness-inventory.json
modified	.velnor/version-policy.toml
modified	Cargo.lock
modified	Cargo.toml
added	crates/test_support/git_clone_fixture.rs
added	crates/test_support/git_fixture.rs
modified	crates/velnor-actions-cli/src/args.rs
modified	crates/velnor-actions-cli/src/dispatch.rs
added	crates/velnor-actions-cli/src/dispatch_foundation_qualification.rs
modified	crates/velnor-actions-cli/tests/fixtures/p12_catalog.txt
modified	crates/velnor-actions-cli/tests/fixtures/p12_harness.rs
modified	crates/velnor-actions-cli/tests/fixtures/p12_inventory.json
modified	crates/velnor-actions-cli/tests/fixtures/p12_policy.toml
modified	crates/velnor-actions-cli/tests/fixtures/p12_upstream.rs
modified	crates/velnor-actions-cli/tests/impl_cli_args.rs
added	crates/velnor-actions-cli/tests/impl_cli_git_isolation.rs
modified	crates/velnor-actions-cli/tests/impl_cli_smoke.rs
modified	crates/velnor-actions-cli/tests/impl_cli_tmp.rs
modified	crates/velnor-actions-cli/tests/impl_repo_deps.rs
added	crates/velnor-actions-cli/tests/impl_repo_git_policy.rs
modified	crates/velnor-actions-cli/tests/impl_repo_policy.rs
added	crates/velnor-actions-contract/src/branch.rs
modified	crates/velnor-actions-contract/src/config/tofu.rs
modified	crates/velnor-actions-contract/src/lib.rs
modified	crates/velnor-actions-contract/src/tooling.rs
modified	crates/velnor-actions-contract/src/workflow/crate_job.rs
modified	crates/velnor-actions-contract/src/workflow/crate_job_tests.rs
modified	crates/velnor-actions-contract/tests/impl_contract_tofu_config.rs
modified	crates/velnor-actions-mise/src/catalog.rs
modified	crates/velnor-actions-mise/src/catalog_versions.rs
modified	crates/velnor-actions-mise/src/command.rs
added	crates/velnor-actions-mise/src/command_git.rs
modified	crates/velnor-actions-mise/tests/impl_mise_catalog.rs
modified	crates/velnor-actions-mise/tests/impl_mise_forbidden_src.rs
modified	crates/velnor-actions-mise/tests/impl_mise_git.rs
modified	crates/velnor-actions-mise/tests/impl_mise_git_config.rs
modified	crates/velnor-actions-mise/tests/impl_mise_surface.rs
added	crates/velnor-actions-native/Cargo.toml
added	crates/velnor-actions-native/src/lib.rs
added	crates/velnor-actions-native/src/oci/oci_archive.py
added	crates/velnor-actions-native/src/oci/oci_delivery.py
added	crates/velnor-actions-native/src/oci/oci_digest.py
added	crates/velnor-actions-native/src/oci/oci_digest_parts.py
added	crates/velnor-actions-native/src/oci/oci_index_receipt.py
added	crates/velnor-actions-native/src/oci/oci_platform_publish.py
added	crates/velnor-actions-native/src/oci/oci_registry.py
added	crates/velnor-actions-native/src/reuse/mod.rs
added	crates/velnor-actions-native/src/ruby/mod.rs
added	crates/velnor-actions-native/src/shell/mod.rs
added	crates/velnor-actions-native/tests/oci/oci_archive_test.py
added	crates/velnor-actions-native/tests/oci/oci_index_receipt_test.py
added	crates/velnor-actions-native/tests/oci/oci_platform_publish_test.py
added	crates/velnor-actions-native/tests/oci/oci_registry_test.py
added	crates/velnor-actions-native/tests/oci/oci_support_test.py
added	crates/velnor-actions-native/tests/oci/oci_transport_test.py
added	crates/velnor-actions-native/tests/ownership.rs
added	crates/velnor-actions-native/tests/ownership_ast.rs
added	crates/velnor-actions-native/tests/source_validation.rs
added	crates/velnor-actions-native/tests/velnor_native.rs
modified	crates/velnor-actions-orchestrator/src/baseline_publish.rs
modified	crates/velnor-actions-orchestrator/src/cover_baseline.rs
modified	crates/velnor-actions-orchestrator/src/cover_baseline_tests.rs
modified	crates/velnor-actions-orchestrator/src/cover_identity_fixtures.rs
modified	crates/velnor-actions-orchestrator/src/cover_revalidate.rs
modified	crates/velnor-actions-orchestrator/src/cover_revalidate_fixtures.rs
modified	crates/velnor-actions-orchestrator/src/crate_jobs.rs
modified	crates/velnor-actions-orchestrator/src/crate_jobs_tests.rs
modified	crates/velnor-actions-orchestrator/src/crate_jobs_tofu_cache_tests.rs
modified	crates/velnor-actions-orchestrator/src/discover.rs
added	crates/velnor-actions-orchestrator/src/discover_manifest.rs
modified	crates/velnor-actions-orchestrator/src/discover_manifest_tests.rs
added	crates/velnor-actions-orchestrator/src/foundation_qualification.rs
added	crates/velnor-actions-orchestrator/src/foundation_qualification_source.rs
added	crates/velnor-actions-orchestrator/src/foundation_qualification_tests.rs
modified	crates/velnor-actions-orchestrator/src/generate.rs
added	crates/velnor-actions-orchestrator/src/generate_output_commit.rs
added	crates/velnor-actions-orchestrator/src/generate_preserve.rs
added	crates/velnor-actions-orchestrator/src/generate_preserve_tests.rs
modified	crates/velnor-actions-orchestrator/src/internal.rs
modified	crates/velnor-actions-orchestrator/src/internal_plan.rs
modified	crates/velnor-actions-orchestrator/src/internal_plan_tests.rs
modified	crates/velnor-actions-orchestrator/src/lib.rs
modified	crates/velnor-actions-orchestrator/src/matrix_step.rs
modified	crates/velnor-actions-orchestrator/src/matrix_step_tests.rs
modified	crates/velnor-actions-orchestrator/src/matrix_step_tofu_install_tests.rs
modified	crates/velnor-actions-orchestrator/src/matrix_step_tofu_tests.rs
added	crates/velnor-actions-orchestrator/src/matrix_suite.rs
added	crates/velnor-actions-orchestrator/src/matrix_suite_tests.rs
modified	crates/velnor-actions-orchestrator/src/matrix_tofu_env.rs
modified	crates/velnor-actions-orchestrator/src/matrix_tools.rs
modified	crates/velnor-actions-orchestrator/src/plan.rs
modified	crates/velnor-actions-orchestrator/src/prepare.rs
modified	crates/velnor-actions-orchestrator/src/provenance_check.rs
modified	crates/velnor-actions-orchestrator/src/provenance_check_tests.rs
added	crates/velnor-actions-orchestrator/src/provenance_lineage.rs
added	crates/velnor-actions-orchestrator/src/provenance_lineage_tests.rs
modified	crates/velnor-actions-orchestrator/src/provenance_proof_tests.rs
modified	crates/velnor-actions-orchestrator/src/provenance_resolve_tests.rs
added	crates/velnor-actions-orchestrator/src/release_admission.py
added	crates/velnor-actions-orchestrator/src/release_source_snapshot.py
added	crates/velnor-actions-orchestrator/src/release_source_tree.py
modified	crates/velnor-actions-orchestrator/src/required_evidence.rs
modified	crates/velnor-actions-orchestrator/src/retrieve_baseline.rs
added	crates/velnor-actions-orchestrator/src/retrieve_baseline_race_tests.rs
added	crates/velnor-actions-orchestrator/src/retrieve_planned_baseline.rs
added	crates/velnor-actions-orchestrator/src/retrieve_planned_baseline_tests.rs
modified	crates/velnor-actions-orchestrator/src/run_select.rs
modified	crates/velnor-actions-orchestrator/src/select.rs
modified	crates/velnor-actions-orchestrator/src/select_tofu.rs
modified	crates/velnor-actions-orchestrator/src/select_tofu_tests.rs
modified	crates/velnor-actions-orchestrator/src/shard_baseline.rs
added	crates/velnor-actions-orchestrator/src/shard_baseline_retry_tests.rs
modified	crates/velnor-actions-orchestrator/src/shard_baseline_tests.rs
modified	crates/velnor-actions-orchestrator/src/shard_tests.rs
modified	crates/velnor-actions-orchestrator/src/task_report_merge_tests.rs
modified	crates/velnor-actions-orchestrator/src/task_report_tests.rs
modified	crates/velnor-actions-orchestrator/src/tofu_cache.rs
modified	crates/velnor-actions-orchestrator/src/workflow.rs
added	crates/velnor-actions-orchestrator/src/workflow_context.rs
added	crates/velnor-actions-orchestrator/src/workflow_tools_tests.rs
added	crates/velnor-actions-orchestrator/tests/fixture_package.rs
modified	crates/velnor-actions-orchestrator/tests/impl_common.rs
modified	crates/velnor-actions-orchestrator/tests/impl_config_internal.rs
modified	crates/velnor-actions-orchestrator/tests/impl_gates_cover.rs
modified	crates/velnor-actions-orchestrator/tests/impl_gen_gates.rs
modified	crates/velnor-actions-orchestrator/tests/impl_git_authority_p10.rs
added	crates/velnor-actions-orchestrator/tests/impl_git_clone_isolation.rs
modified	crates/velnor-actions-orchestrator/tests/impl_git_paths_p10.rs
modified	crates/velnor-actions-orchestrator/tests/impl_orch_core.rs
modified	crates/velnor-actions-orchestrator/tests/impl_orch_core_cover.rs
modified	crates/velnor-actions-orchestrator/tests/impl_orch_f2a_prepare.rs
modified	crates/velnor-actions-orchestrator/tests/impl_orch_f2b.rs
modified	crates/velnor-actions-orchestrator/tests/impl_orch_f2f.rs
modified	crates/velnor-actions-orchestrator/tests/impl_orch_install_sets.rs
modified	crates/velnor-actions-orchestrator/tests/impl_orch_plansel.rs
modified	crates/velnor-actions-orchestrator/tests/impl_plan_parity.rs
modified	crates/velnor-actions-orchestrator/tests/impl_required_evidence.rs
modified	crates/velnor-actions-orchestrator/tests/impl_select.rs
modified	crates/velnor-actions-orchestrator/tests/impl_tofu_t18.rs
modified	crates/velnor-actions-orchestrator/tests/impl_tofu_t19.rs
modified	crates/velnor-actions-orchestrator/tests/impl_tofu_t23.rs
modified	crates/velnor-actions-orchestrator/tests/impl_tofu_t24_bench.rs
modified	crates/velnor-actions-orchestrator/tests/impl_tofu_t24_gates2.rs
modified	crates/velnor-actions-orchestrator/tests/impl_tofu_t27_reports.rs
modified	crates/velnor-actions-orchestrator/tests/impl_tofu_t27_reports_b.rs
modified	crates/velnor-actions-orchestrator/tests/impl_tofu_t32_negatives.rs
modified	crates/velnor-actions-orchestrator/tests/impl_trust.rs
modified	crates/velnor-actions-orchestrator/tests/impl_validators_repo.rs
added	crates/velnor-actions-orchestrator/tests/release_source_snapshot_test.py
added	crates/velnor-actions-orchestrator/tests/release_source_tree_test.py
modified	crates/velnor-actions-orchestrator/tests/tofu_perf_fixtures_t24.rs
modified	crates/velnor-actions-orchestrator/tests/validation_failure.rs
modified	crates/velnor-actions-orchestrator/tests/zizmor_staging.rs
modified	crates/velnor-actions-rust/src/argv.rs
added	crates/velnor-actions-rust/src/release_source_intent_guard.py
modified	crates/velnor-actions-rust/tests/impl_rust_argv.rs
added	crates/velnor-actions-rust/tests/release_source_intent_guard_test.py
modified	crates/velnor-actions-tofu/src/env.rs
modified	crates/velnor-actions-tofu/src/identity.rs
modified	crates/velnor-actions-tofu/src/kinds.rs
modified	crates/velnor-actions-tofu/src/lib.rs
modified	crates/velnor-actions-tofu/src/propose.rs
added	crates/velnor-actions-tofu/src/root_identity.rs
modified	crates/velnor-actions-tofu/tests/impl_tofu_closure.rs
modified	crates/velnor-actions-tofu/tests/impl_tofu_identity.rs
modified	crates/velnor-actions-tofu/tests/impl_tofu_isolation.rs
modified	crates/velnor-actions-tofu/tests/impl_tofu_propose.rs
modified	crates/velnor-actions-workflow-renderer/Cargo.toml
added	crates/velnor-actions-workflow-renderer/src/foundation_qualification.rs
added	crates/velnor-actions-workflow-renderer/src/foundation_qualification_tests.rs
added	crates/velnor-actions-workflow-renderer/src/foundation_qualification_workflow.yml.in
modified	crates/velnor-actions-workflow-renderer/src/lib.rs
modified	docs/proposed/architecture.md
modified	docs/proposed/rust-quality-contract.md
modified	docs/proposed/workflow-contract.md
added	docs/proposed/workflow-matrix-contract.md
added	docs/reviews/ci-performance-actual-runs-20261004-erratum-v2.md
added	docs/reviews/ci-performance-actual-runs-20261004.md
added	docs/reviews/ci-performance-analysis-dependencies.md
added	docs/reviews/ci-performance-audit47-evidence-preservation.md
added	docs/reviews/ci-performance-audit47-repository-evidence-refresh.json
added	docs/reviews/ci-performance-completion-ledger.md
added	docs/reviews/ci-performance-current-main-47815-source-audit-v2.md
added	docs/reviews/ci-performance-evidence-archive.md
added	docs/reviews/ci-performance-freshness-audit.md
added	docs/reviews/ci-performance-generator-audit.md
added	docs/reviews/ci-performance-generator-native-source-map.md
added	docs/reviews/ci-performance-hosted-cases.json
added	docs/reviews/ci-performance-hosted-protocol.md
added	docs/reviews/ci-performance-measurement-sources.md
added	docs/reviews/ci-performance-nextest-evidence/evidence.json
added	docs/reviews/ci-performance-nextest-evidence/step-0.log
added	docs/reviews/ci-performance-nextest-evidence/step-1.log
added	docs/reviews/ci-performance-nextest-evidence/step-2.log
added	docs/reviews/ci-performance-nextest-tools.md
added	docs/reviews/ci-performance-observer-artifact-closure.md
added	docs/reviews/ci-performance-owned-source-publication.json
added	docs/reviews/ci-performance-owned-tool-publication.md
added	docs/reviews/ci-performance-ownership-migration.md
added	docs/reviews/ci-performance-protection-execution.json
added	docs/reviews/ci-performance-protection-readiness.json
added	docs/reviews/ci-performance-qualification.md
added	docs/reviews/ci-performance-runtime-audit.md
added	docs/reviews/ci-performance-scope-audit.md
added	docs/reviews/ci-performance-source-progress-13c.md
added	docs/reviews/ci-performance-source-progress-b0df.md
added	docs/reviews/ci-performance-source-progress-f3c.md
added	docs/reviews/ci-performance-source-progress-recovery-20261004.md
added	docs/reviews/ci-performance-wave-a-audit.md
added	docs/reviews/ci-performance-wave-b-audit.md
added	docs/reviews/ci-performance-wave-c-audit.md
added	docs/reviews/python-uv-upgrade-evidence.json
added	docs/reviews/uv-0.12.23-qualification-evidence.json
modified	fixtures/parity/ignored-stack/expected/ci.yml
modified	fixtures/parity/ignored-stack/expected/plan.txt
modified	fixtures/parity/multi-crate/expected/ci.yml
modified	fixtures/parity/multi-crate/expected/expected-set.json
modified	fixtures/parity/multi-crate/expected/plan-v1.json
modified	fixtures/parity/multi-crate/expected/task-report.json
added	repositories.txt
added	repository-evidence.csv
added	scope.json
added	scripts/analyze-ci-performance.py
added	scripts/bootstrap-owned-tool-builder.py
added	scripts/build-owned-tool.py
modified	scripts/check-freshness.sh
added	scripts/check_freshness.py
added	scripts/ci-performance-analysis-requirements.txt
added	scripts/collect-ci-performance.py
added	scripts/download-owned-tool-candidate.py
added	scripts/freshness_context.py
added	scripts/freshness_dependencies.py
added	scripts/freshness_evidence.py
added	scripts/freshness_inventory.py
added	scripts/freshness_probe.py
added	scripts/freshness_probe_check.py
added	scripts/freshness_validation.py
added	scripts/immutable_publication.py
added	scripts/owned_mise_qualification.py
added	scripts/owned_tool_behavior.py
added	scripts/owned_tool_execution_test_fixtures.py
added	scripts/owned_tool_publication_test_fixtures.py
added	scripts/owned_tool_qualification_evidence.py
added	scripts/owned_tool_source.py
added	scripts/publish-owned-tool-artifacts.py
added	scripts/publish_owned_source.py
added	scripts/qualification/mbx-synchronous/artifact_closure_v2.py
added	scripts/qualification/mbx-synchronous/bind_inputs.py
added	scripts/qualification/mbx-synchronous/cache_transport_v2.py
added	scripts/qualification/mbx-synchronous/manifest.json
added	scripts/qualification/mbx-synchronous/negative_inputs_v2.py
added	scripts/qualification/mbx-synchronous/registry-fixture/Cargo.lock
added	scripts/qualification/mbx-synchronous/registry-fixture/Cargo.toml
added	scripts/qualification/mbx-synchronous/registry-fixture/src/lib.rs
added	scripts/qualification/mbx-synchronous/run.py
added	scripts/qualification/mbx-synchronous/run_negative_v2.py
added	scripts/qualification/mbx-synchronous/run_same_root.py
added	scripts/qualification/mbx-synchronous/run_v2.py
added	scripts/qualification/mbx-synchronous/test_negative_pipeline_v2.py
added	scripts/qualification/mbx-synchronous/test_negative_v2.py
added	scripts/qualification/mbx-synchronous/test_observer_artifact_closure.py
added	scripts/qualification/mbx-synchronous/test_run_same_root.py
added	scripts/qualification/mbx-synchronous/test_run_v2.py
added	scripts/qualify-owned-tool.py
added	scripts/source_proof_capsule.py
added	scripts/source_publication.py
added	scripts/source_publication_records.py
added	scripts/source_qualification_execution.py
added	scripts/source_release_policy.py
added	scripts/source_semver_capsule.py
added	scripts/stage-owned-tool-source.py
added	scripts/test_ci_performance_analysis.py
added	scripts/test_download_owned_tool_candidate.py
added	scripts/test_freshness_probe.py
added	scripts/test_freshness_probe_check.py
added	scripts/test_git_optional_locks.py
added	scripts/test_owned_tool_build.py
added	scripts/test_owned_tool_execution_evidence.py
added	scripts/test_owned_tool_qualification_evidence.py
added	scripts/test_publish_owned_tool_artifacts.py
added	scripts/test_qualify_owned_tool.py
added	scripts/test_source_proof_capsule.py
added	scripts/test_source_publication.py
added	scripts/test_source_publication_records.py
added	scripts/test_source_qualification_execution.py
added	scripts/test_source_release_transaction.py
added	scripts/test_source_semver_capsule.py
added	velnor-actions-ci-performance-goal.md
added	velnor-actions-ci-performance-spec.md
