branch,reviewed_head,pr,priority,proposed_disposition,source_url
capacity-pressure,5ab06042fa171889650b2bfca164d59926448ddc,,P0,Port unique capacity work onto current worker fixes. Replace host-only probes with actual guest/storage measurement.,https://github.com/tailrocks/velnor-new/tree/5ab06042fa171889650b2bfca164d59926448ddc
codex/chainargos-mbx-cache-repair,4ad1e34a1e20589386ddefdc25eaceb067341f0b,29,P0,"First cache-lifecycle carrier. Focused review, targeted tests, small release, writer/readers.",https://github.com/tailrocks/velnor-new/tree/4ad1e34a1e20589386ddefdc25eaceb067341f0b
codex/mbx-lifecycle-fix,903fddef41170ea85e6a4dcbe7e2248bfa3f23b9,,P0,Compare diverged work with #29. Port unique installer/validation changes. Do not install two lifecycle owners.,https://github.com/tailrocks/velnor-new/tree/903fddef41170ea85e6a4dcbe7e2248bfa3f23b9
codex/velnor-goal-integration,229272e572e90188dc811ae4367fd27115a2c310,28,P1/P2,Draft broader work. Extract needed fixes promptly; reconcile remaining related changes after initial rollout.,https://github.com/tailrocks/velnor-new/tree/229272e572e90188dc811ae4367fd27115a2c310
fix/qualified-platform-checks,f53081d700d18e5f42723d5237679c4bccf72a78,20,P1/P2,Draft broader contract changes. Extract required fixes; do not make independent P0 releases depend on this draft.,https://github.com/tailrocks/velnor-new/tree/f53081d700d18e5f42723d5237679c4bccf72a78
g4-submodule-fixture,85e202a9446b105a9c8b8e9589b54bc1e513a808,,P1,Retain or consume as a qualified submodule fixture. Do not assume it is a product merge branch.,https://github.com/tailrocks/velnor-new/tree/85e202a9446b105a9c8b8e9589b54bc1e513a808
main,47815c83b9eeadbaf84b741918fffa7ea550da89,,baseline,Reviewed generator baseline; includes merged #26/#27. Refresh before integration.,https://github.com/tailrocks/velnor-new/tree/47815c83b9eeadbaf84b741918fffa7ea550da89
owned-source/cache-action/8758d976a1b25eb387f48aa04ea86f57739b84cf,8758d976a1b25eb387f48aa04ea86f57739b84cf,,reference,Inspect ancestry and executing consumer. Prefer qualified upstream release. Do not merge foreign roots or delete reference history blindly.,https://github.com/tailrocks/velnor-new/tree/8758d976a1b25eb387f48aa04ea86f57739b84cf
owned-source/mbx/ac6ceed10df0c6cb0af1bc6d1a69d0de4d392f81,ac6ceed10df0c6cb0af1bc6d1a69d0de4d392f81,,reference,Inspect ancestry and executing consumer. Prefer qualified upstream release. Do not merge foreign roots or delete reference history blindly.,https://github.com/tailrocks/velnor-new/tree/ac6ceed10df0c6cb0af1bc6d1a69d0de4d392f81
owned-source/mbx/c0996a090ae992de83a5131889e28342a04f4d9b,c0996a090ae992de83a5131889e28342a04f4d9b,,reference,Inspect ancestry and executing consumer. Prefer qualified upstream release. Do not merge foreign roots or delete reference history blindly.,https://github.com/tailrocks/velnor-new/tree/c0996a090ae992de83a5131889e28342a04f4d9b
owned-source/mbx/1cde36b9f519f1fea8bf4ba8d82721906410448c,1cde36b9f519f1fea8bf4ba8d82721906410448c,,reference,Inspect ancestry and executing consumer. Prefer qualified upstream release. Do not merge foreign roots or delete reference history blindly.,https://github.com/tailrocks/velnor-new/tree/1cde36b9f519f1fea8bf4ba8d82721906410448c
owned-source/mbx/3e462cf9248dd3d17baf9131af5f7a4aec76b80e,3e462cf9248dd3d17baf9131af5f7a4aec76b80e,,reference,Inspect ancestry and executing consumer. Prefer qualified upstream release. Do not merge foreign roots or delete reference history blindly.,https://github.com/tailrocks/velnor-new/tree/3e462cf9248dd3d17baf9131af5f7a4aec76b80e
owned-source/mbx/7fd10972216ce478478b704781b4a4f2715f46d4,7fd10972216ce478478b704781b4a4f2715f46d4,,reference,Inspect ancestry and executing consumer. Prefer qualified upstream release. Do not merge foreign roots or delete reference history blindly.,https://github.com/tailrocks/velnor-new/tree/7fd10972216ce478478b704781b4a4f2715f46d4
owned-source/mbx-action/c3cbe8e56ccb4727624df45022357f49d2953075,c3cbe8e56ccb4727624df45022357f49d2953075,,reference,Inspect ancestry and executing consumer. Prefer qualified upstream release. Do not merge foreign roots or delete reference history blindly.,https://github.com/tailrocks/velnor-new/tree/c3cbe8e56ccb4727624df45022357f49d2953075
owned-source/mbx-action/62ec0713473dffeab46884b7c03906042794e696,62ec0713473dffeab46884b7c03906042794e696,,reference,Inspect ancestry and executing consumer. Prefer qualified upstream release. Do not merge foreign roots or delete reference history blindly.,https://github.com/tailrocks/velnor-new/tree/62ec0713473dffeab46884b7c03906042794e696
owned-source/mise/dbbf5b0d8f9c7edc5d0111e17ebaf781ecc97a96,dbbf5b0d8f9c7edc5d0111e17ebaf781ecc97a96,,reference,Inspect ancestry and executing consumer. Prefer qualified upstream release. Do not merge foreign roots or delete reference history blindly.,https://github.com/tailrocks/velnor-new/tree/dbbf5b0d8f9c7edc5d0111e17ebaf781ecc97a96
owned-source/semver-checker/583dddce84706786fc54c41a2c768c28a09c65fd,583dddce84706786fc54c41a2c768c28a09c65fd,,reference,Inspect ancestry and executing consumer. Prefer qualified upstream release. Do not merge foreign roots or delete reference history blindly.,https://github.com/tailrocks/velnor-new/tree/583dddce84706786fc54c41a2c768c28a09c65fd
perf/cache-selection-qualification,6b1632d4b6bdd39e348ca33ac701241cd987b921,,P0/P1,Extract correct test-binary preparation first. Review selection/collector changes on current main. Audit claims are not live proof.,https://github.com/tailrocks/velnor-new/tree/6b1632d4b6bdd39e348ca33ac701241cd987b921
scaleset-evidence,f2b9ef2ab0396f2b892c260818e472685ed1f367,18,P2,Reconcile historical evidence with actual deployed identities; keep unrun gates explicit.,https://github.com/tailrocks/velnor-new/tree/f2b9ef2ab0396f2b892c260818e472685ed1f367
tar-absolute,63713b8074515c837fee14808385e6775745d731,25,P0,Review worker progress and archive changes separately. Release independent worker fixes promptly; qualify tar semantics and performance.,https://github.com/tailrocks/velnor-new/tree/63713b8074515c837fee14808385e6775745d731
