id,priority,section,requirement,status,owner,requested_model,resolved_model,source_commit,review_agent,test_command,run_attempt,artifact_digest,measured_result,evidence_path
S01-01,P0,S01,"Refresh the consumer head, tested merge, generator source, and current run attempt.",OPEN,,,,,,,,,,
S01-02,P0,S01,Capture every instantiated job and each relevant workflow with complete pagination.,OPEN,,,,,,,,,,
S01-03,P0,S01,"Normalize queued start placeholders, missing values, and cancelled observations correctly.",OPEN,,,,,,,,,,
S01-04,P0,S01,"Capture the actual daemon, runner, image, provider, guest architecture, and resource identities.",OPEN,,,,,,,,,,
S01-05,P0,S01,"Split queue, preparation, setup, checkout, tools, sources, compile, tests, reports, and post time.",OPEN,,,,,,,,,,
S01-06,P0,S01,"Record cache key/version/scope, origin bytes, peak physical disk, memory, and CPU pressure.",OPEN,,,,,,,,,,
S01-07,P0,S01,"Add collector regression tests for partial responses, reruns, nested phases, and missing data.",OPEN,,,,,,,,,,
S02-01,P0,S02,Review #29 on its refreshed head and select one MBX lifecycle carrier.,OPEN,,,,,,,,,,
S02-02,P0,S02,Compare and integrate unique useful codex/mbx-lifecycle-fix changes without duplicate ownership.,OPEN,,,,,,,,,,
S02-03,P0,S02,Verify #26 and #27 are already present before carrying forward their fixes.,OPEN,,,,,,,,,,
S02-04,P0,S02,Extract or merge independent worker-progress fixes from #25.,OPEN,,,,,,,,,,
S02-05,P0,S02,Adapt the unique capacity-pressure change to current runner code.,OPEN,,,,,,,,,,
S02-06,P0,S02,Extract correct test preparation and other coherent fixes from the performance branch.,OPEN,,,,,,,,,,
S02-07,P0,S02,Resolve all remaining related #28/#20 changes and record all branch dispositions.,OPEN,,,,,,,,,,
S02-08,P0,S02,Preserve foreign owned-source and fixture refs unless a separate verified disposition applies.,OPEN,,,,,,,,,,
S03-01,P0/P1,S03,"Generate one outer checkout followed by local shared actions, with no equivalent nested checkout.",OPEN,,,,,,,,,,
S03-02,P0/P1,S03,Prove zero consumer-repository action archive downloads and one consumer checkout.,OPEN,,,,,,,,,,
S03-03,P0/P1,S03,"Verify complete generated-tree drift, repeatable output, size, and protected job identities.",OPEN,,,,,,,,,,
S03-04,P0/P1,S03,Reduce Plan to the proven minimal tool and metadata closure.,OPEN,,,,,,,,,,
S03-05,P0/P1,S03,Select work before allocating unnecessary compilation workers.,OPEN,,,,,,,,,,
S03-06,P0/P1,S03,"Test base/head graphs, deleted/renamed files, build scripts, features, and shared settings.",OPEN,,,,,,,,,,
S03-07,P0/P1,S03,Add strict skipped-obligation receipts and rejection of unexplained missing work.,OPEN,,,,,,,,,,
S03-08,P0/P1,S03,Force independent required work on both lanes in full paired qualification.,OPEN,,,,,,,,,,
S04-01,P0,S04,Use one typed owner and path list for each restore/save layer.,OPEN,,,,,,,,,,
S04-02,P0,S04,"Include required Mise data, Rustup data, and executable links in the tool payload.",OPEN,,,,,,,,,,
S04-03,P0,S04,Use minimal tool/component sets and remove duplicate or unrelated installation.,OPEN,,,,,,,,,,
S04-04,P0,S04,Exclude credentials and separate tool executables from immutable Cargo sources.,OPEN,,,,,,,,,,
S04-05,P0,S04,Verify real GitHub cache versions and resolve hosted/local path portability or namespaces.,OPEN,,,,,,,,,,
S04-06,P0,S04,Fetch only the selected complete manifest/target closure and prove offline locked builds.,OPEN,,,,,,,,,,
S04-07,P0,S04,Run an authorized producer plus two new-worker readers with useful payload verification.,OPEN,,,,,,,,,,
S04-08,P0,S04,"Test tool, lockfile, target, layout, and component invalidation plus partial cold recovery.",OPEN,,,,,,,,,,
S05-01,P0,S05,Remove obsolete manual bundle lifecycle after native cache parity is demonstrated.,OPEN,,,,,,,,,,
S05-02,P0,S05,Pass the actual Rust toolchain and verify one exact MBX executable for main and post actions.,OPEN,,,,,,,,,,
S05-03,P0,S05,Prove missing PATH tools cannot select an unpinned latest binary.,OPEN,,,,,,,,,,
S05-04,P0,S05,"Validate restore prefixes, trust scope, platform, ABI, profile, flags, and feature identities.",OPEN,,,,,,,,,,
S05-05,P0,S05,"Prepare test binaries with the verified Nextest/Cargo route, not an unrelated dev build.",OPEN,,,,,,,,,,
S05-06,P0,S05,"Preserve real product-build obligations, doctests, features, and expected test counts.",OPEN,,,,,,,,,,
S05-07,P0,S05,Benchmark compatible compile groups or test archives without cross-lane proof substitution.,OPEN,,,,,,,,,,
S05-08,P0,S05,Bound physical object/target/export/archive footprint and preserve active object leases.,OPEN,,,,,,,,,,
S05-09,P0,S05,"Prove useful remote reuse, one-file invalidation, low-disk recovery, and safe export.",OPEN,,,,,,,,,,
S06-01,P0,S06,"Verify exited-worker cleanup, journal recovery, occupied slots, and fresh admission.",OPEN,,,,,,,,,,
S06-02,P0,S06,Separate listener/admission progress from slow host and network effects.,OPEN,,,,,,,,,,
S06-03,P0,S06,"Use bounded probes, downloads, deadlines, retries, and cancellation.",OPEN,,,,,,,,,,
S06-04,P0,S06,"Measure effective Docker guest CPU, memory, and actual image/cache filesystems.",OPEN,,,,,,,,,,
S06-05,P0,S06,"Define visible missing-telemetry behavior, hysteresis, and zero-admission drain mode.",OPEN,,,,,,,,,,
S06-06,P0,S06,"Tune one/two/four-worker throughput with compilers, tests, DinD, and other repositories included.",OPEN,,,,,,,,,,
S06-07,P0,S06,Prove the healthy free-slot admission response budget and multi-wave queue progress.,OPEN,,,,,,,,,,
S06-08,P0,S06,"Prove cancellation, restart, redelivery, session expiry, network loss, and Docker restart cleanup.",OPEN,,,,,,,,,,
S07-01,P1,S07,Implement the pinned official runner action archive cache contract without a runner fork.,OPEN,,,,,,,,,,
S07-02,P1,S07,Resolve authorization and exact action SHAs before private cache access.,OPEN,,,,,,,,,,
S07-03,P1,S07,Validate digest and archive structure; publish atomically and coalesce concurrent fills.,OPEN,,,,,,,,,,
S07-04,P1,S07,Mount only the job-authorized read-only cache projection before runner startup.,OPEN,,,,,,,,,,
S07-05,P1,S07,Keep missing-entry download fallback; quarantine corrupt entries and reject unauthorized access.,OPEN,,,,,,,,,,
S07-06,P1,S07,Measure archive copy/extraction and qualify optional unpacked or private copy-on-write trees.,OPEN,,,,,,,,,,
S07-07,P1,S07,Prove warm zero-origin content and JavaScript/Docker/composite/pre/post compatibility.,OPEN,,,,,,,,,,
S08-01,P1,S08,Create host-owned repository and authorization-scoped object sources without executing repo code.,OPEN,,,,,,,,,,
S08-02,P1,S08,Create a new private job checkout and preserve the exact synthetic PR merge and needed history.,OPEN,,,,,,,,,,
S08-03,P1,S08,"Verify the pinned official checkout origin, cleanup, shallow-fetch, and credential behavior.",OPEN,,,,,,,,,,
S08-04,P1,S08,Dissociate shared references or hold immutable leases until worker cleanup.,OPEN,,,,,,,,,,
S08-05,P1,S08,"Test changed PR refs, cold missing commits, submodules, LFS, modes, and cancellation.",OPEN,,,,,,,,,,
S08-06,P1,S08,Prove no cross-repository object or credential access and no mutable shared git metadata.,OPEN,,,,,,,,,,
S08-07,P1,S08,Prove warm zero-origin Git object bytes and content parity with a cold official checkout.,OPEN,,,,,,,,,,
S09-01,P1,S09,"Create exact target-bound, checksum-verified manifests for tool and source seed closures.",OPEN,,,,,,,,,,
S09-02,P1,S09,Project seeds read-only while keeping worker modifications private.,OPEN,,,,,,,,,,
S09-03,P1,S09,Compare Linux-managed storage with Mac-shared storage and select from measured evidence.,OPEN,,,,,,,,,,
S09-04,P1,S09,Seed each inner DinD daemon before services need its images.,OPEN,,,,,,,,,,
S09-05,P1,S09,Prove outer-daemon image presence is not mistakenly treated as inner-daemon readiness.,OPEN,,,,,,,,,,
S09-06,P1,S09,"Bound fill concurrency, storage quota, reserve disk, eviction, and active leases.",OPEN,,,,,,,,,,
S09-07,P1,S09,Prove concurrent port isolation and complete job-resource cleanup with seeds retained.,OPEN,,,,,,,,,,
S10-01,P1,S10,Establish native/emulated execution and actual provider resource allocation.,OPEN,,,,,,,,,,
S10-02,P1,S10,"Measure network transfer, archive extraction, compression, Git file creation, and compile throughput.",OPEN,,,,,,,,,,
S10-03,P1,S10,"Attribute CPU, filesystem, network, and scheduler costs without guessing their causes.",OPEN,,,,,,,,,,
S10-04,P1,S10,"Trace image, startup, migration, fixture, test body, and teardown time for heavy tests.",OPEN,,,,,,,,,,
S10-05,P1,S10,Improve fixture scope/readiness only with unchanged assertions and isolated concurrent data.,OPEN,,,,,,,,,,
S10-06,P1,S10,Bound test parallelism against total host resources and verify failure/cancellation teardown.,OPEN,,,,,,,,,,
S10-07,P1,S10,Qualify native-amd64 deployment only when justified; never relabel arm64 as amd64 parity.,OPEN,,,,,,,,,,
S11-01,P0/P1,S11,"Bind artifacts to lane, task, job, run, attempt, tested commit, tools, and input closure.",OPEN,,,,,,,,,,
S11-02,P0/P1,S11,"Reject ambiguous, duplicate, missing, stale, cancelled, mismatched, and failed-post evidence.",OPEN,,,,,,,,,,
S11-03,P0/P1,S11,Publish only source-bound trusted products after exact-commit required checks.,OPEN,,,,,,,,,,
S11-04,P0/P1,S11,Regenerate and commit the full consumer tree and manifest with the published generator.,OPEN,,,,,,,,,,
S11-05,P0/P1,S11,Publish and deploy daemon/images as separate products where only those products change.,OPEN,,,,,,,,,,
S11-06,P0/P1,S11,Verify the running process and newly created worker image digests; test drain and rollback.,OPEN,,,,,,,,,,
S11-07,P0/P1,S11,Verify current protected main and required checks after integration.,OPEN,,,,,,,,,,
S12-01,P1/P2,S12,"Run cold functional, authorized writer, and two independent warm reader cases per relevant release.",OPEN,,,,,,,,,,
S12-02,P1/P2,S12,Collect at least twenty matched observations per workload class and lane for final statistics.,OPEN,,,,,,,,,,
S12-03,P1/P2,S12,"Meet setup, origin-byte, queue-progress, hosted, and Scale Set improvement targets.",OPEN,,,,,,,,,,
S12-04,P1/P2,S12,Report all 120-second budget violations without removing work or hiding queue/post time.,OPEN,,,,,,,,,,
S12-05,P1/P2,S12,"Complete archive tuning, cache-byte efficiency, eviction, bounded diagnostics, and upgrade tests.",OPEN,,,,,,,,,,
S12-06,P1/P2,S12,Verify version freshness and CI/CD workflows outside the measured Rust qualification run.,OPEN,,,,,,,,,,
S12-07,P1/P2,S12,Close every identified material finding with code/tests or a proven not-applicable disposition.,OPEN,,,,,,,,,,
S12-08,P1/P2,S12,Obtain GPT-6.1-Sol medium final acceptance with exact product and measurement evidence.,OPEN,,,,,,,,,,
