run_id,attempt,job_id,workload,lane,created_at,started_at,completed_at,setup_started_at,setup_completed_at,status,conclusion,queue_seconds,job_seconds,setup_seconds,end_to_end_seconds,source_url,evidence_source,normalization
37178675286,1,111366563111,Actionlint,hosted,2026-10-04T05:01:20Z,2026-10-04T05:01:22Z,2026-10-04T05:02:13Z,2026-10-04T05:01:23Z,2026-10-04T05:01:54Z,completed,success,2,51,31,53,https://github.com/ChainArgos/java-monorepo/actions/runs/37178675286/job/111366563111,"GitHub jobs API snapshot; current-at-review, nonterminal attempt",
37178675286,1,111366563157,Plan,hosted,2026-10-04T05:01:20Z,2026-10-04T05:01:22Z,2026-10-04T05:02:36Z,2026-10-04T05:01:23Z,2026-10-04T05:01:25Z,completed,success,2,74,2,76,https://github.com/ChainArgos/java-monorepo/actions/runs/37178675286/job/111366563157,"GitHub jobs API snapshot; current-at-review, nonterminal attempt",
37178675286,1,111366563195,Actionlint,scale_set,2026-10-04T05:01:20Z,2026-10-04T05:01:41Z,2026-10-04T05:04:04Z,2026-10-04T05:01:44Z,2026-10-04T05:03:21Z,completed,success,21,143,97,164,https://github.com/ChainArgos/java-monorepo/actions/runs/37178675286/job/111366563195,"GitHub jobs API snapshot; current-at-review, nonterminal attempt",
37178675286,1,111366755448,amq-protocol-types,hosted,2026-10-04T05:02:37Z,2026-10-04T05:02:38Z,2026-10-04T05:04:25Z,2026-10-04T05:02:39Z,2026-10-04T05:02:58Z,completed,success,1,107,19,108,https://github.com/ChainArgos/java-monorepo/actions/runs/37178675286/job/111366755448,"GitHub jobs API snapshot; current-at-review, nonterminal attempt",
37178675286,1,111366755460,amq-protocol-types,scale_set,2026-10-04T05:02:37Z,2026-10-04T05:17:55Z,2026-10-04T05:22:19Z,2026-10-04T05:17:57Z,2026-10-04T05:19:53Z,completed,success,918,264,116,1182,https://github.com/ChainArgos/java-monorepo/actions/runs/37178675286/job/111366755460,"GitHub jobs API snapshot; current-at-review, nonterminal attempt",
37178675286,1,111366755462,bitcoin-migration,hosted,2026-10-04T05:02:37Z,2026-10-04T05:02:38Z,2026-10-04T05:11:45Z,2026-10-04T05:02:39Z,2026-10-04T05:02:59Z,completed,success,1,547,20,548,https://github.com/ChainArgos/java-monorepo/actions/runs/37178675286/job/111366755462,"GitHub jobs API snapshot; current-at-review, nonterminal attempt",
37178675286,1,111366755468,bitcoin-grpc-server,scale_set,2026-10-04T05:02:37Z,2026-10-04T05:04:29Z,2026-10-04T05:16:27Z,2026-10-04T05:04:32Z,2026-10-04T05:07:51Z,completed,success,112,718,199,830,https://github.com/ChainArgos/java-monorepo/actions/runs/37178675286/job/111366755468,"GitHub jobs API snapshot; current-at-review, nonterminal attempt",
37178675286,1,111366755469,bitcoin-grpc-server,hosted,2026-10-04T05:02:37Z,2026-10-04T05:02:46Z,2026-10-04T05:09:42Z,2026-10-04T05:02:48Z,2026-10-04T05:03:00Z,completed,success,9,416,12,425,https://github.com/ChainArgos/java-monorepo/actions/runs/37178675286/job/111366755469,"GitHub jobs API snapshot; current-at-review, nonterminal attempt",
37178675286,1,111366755476,bitcoin-migration,scale_set,2026-10-04T05:02:37Z,2026-10-04T05:02:58Z,2026-10-04T05:17:26Z,2026-10-04T05:03:00Z,2026-10-04T05:05:00Z,completed,success,21,868,120,889,https://github.com/ChainArgos/java-monorepo/actions/runs/37178675286/job/111366755476,"GitHub jobs API snapshot; current-at-review, nonterminal attempt",
37178675286,1,111366755604,blockchain-explorer,hosted,2026-10-04T05:02:37Z,2026-10-04T05:02:39Z,2026-10-04T05:18:17Z,2026-10-04T05:02:40Z,2026-10-04T05:03:01Z,completed,success,2,938,21,940,https://github.com/ChainArgos/java-monorepo/actions/runs/37178675286/job/111366755604,"GitHub jobs API snapshot; current-at-review, nonterminal attempt",
37178675286,1,111366755618,chainargos-logo,scale_set,2026-10-04T05:02:37Z,2026-10-04T05:17:58Z,2026-10-04T05:22:27Z,2026-10-04T05:18:00Z,2026-10-04T05:19:52Z,completed,success,921,269,112,1190,https://github.com/ChainArgos/java-monorepo/actions/runs/37178675286/job/111366755618,"GitHub jobs API snapshot; current-at-review, nonterminal attempt",
37178675286,1,111366755645,eth-processor-app,hosted,2026-10-04T05:02:37Z,2026-10-04T05:02:41Z,2026-10-04T05:21:25Z,2026-10-04T05:02:42Z,2026-10-04T05:03:01Z,completed,success,4,1124,19,1128,https://github.com/ChainArgos/java-monorepo/actions/runs/37178675286/job/111366755645,"GitHub jobs API snapshot; current-at-review, nonterminal attempt",
37178675286,1,111366755647,legacy-grpc-server,hosted,2026-10-04T05:02:37Z,2026-10-04T05:02:39Z,2026-10-04T05:16:09Z,2026-10-04T05:02:40Z,2026-10-04T05:02:59Z,completed,success,2,810,19,812,https://github.com/ChainArgos/java-monorepo/actions/runs/37178675286/job/111366755647,"GitHub jobs API snapshot; current-at-review, nonterminal attempt",
37178675286,1,111366755657,lightdash-csv-delivery-app,hosted,2026-10-04T05:02:37Z,2026-10-04T05:02:39Z,2026-10-04T05:16:05Z,2026-10-04T05:02:40Z,2026-10-04T05:03:07Z,completed,success,2,806,27,808,https://github.com/ChainArgos/java-monorepo/actions/runs/37178675286/job/111366755657,"GitHub jobs API snapshot; current-at-review, nonterminal attempt",
37178675286,1,111366755661,bitcoin-processor-app,hosted,2026-10-04T05:02:37Z,2026-10-04T05:02:39Z,2026-10-04T05:16:44Z,2026-10-04T05:02:41Z,2026-10-04T05:02:59Z,completed,success,2,845,18,847,https://github.com/ChainArgos/java-monorepo/actions/runs/37178675286/job/111366755661,"GitHub jobs API snapshot; current-at-review, nonterminal attempt",
37178675286,1,111366755665,eth-grpc-server,scale_set,2026-10-04T05:02:37Z,2026-10-04T05:53:19Z,2026-10-04T06:25:03Z,2026-10-04T05:53:22Z,2026-10-04T05:55:13Z,completed,cancelled,3042,1904,111,4946,https://github.com/ChainArgos/java-monorepo/actions/runs/37178675286/job/111366755665,"GitHub jobs API snapshot; current-at-review, nonterminal attempt",
37178675286,1,111366755668,eth-processor-app,scale_set,2026-10-04T05:02:37Z,2026-10-04T05:53:24Z,2026-10-04T06:25:04Z,2026-10-04T05:53:27Z,2026-10-04T05:55:17Z,completed,cancelled,3047,1900,110,4947,https://github.com/ChainArgos/java-monorepo/actions/runs/37178675286/job/111366755668,"GitHub jobs API snapshot; current-at-review, nonterminal attempt",
37178675286,1,111366755669,eth-migration,hosted,2026-10-04T05:02:37Z,2026-10-04T05:02:40Z,2026-10-04T05:11:38Z,2026-10-04T05:02:41Z,2026-10-04T05:02:59Z,completed,success,3,538,18,541,https://github.com/ChainArgos/java-monorepo/actions/runs/37178675286/job/111366755669,"GitHub jobs API snapshot; current-at-review, nonterminal attempt",
37178675286,1,111366755688,legacy-migration,hosted,2026-10-04T05:02:37Z,2026-10-04T05:02:39Z,2026-10-04T05:09:17Z,2026-10-04T05:02:40Z,2026-10-04T05:03:05Z,completed,success,2,398,25,400,https://github.com/ChainArgos/java-monorepo/actions/runs/37178675286/job/111366755688,"GitHub jobs API snapshot; current-at-review, nonterminal attempt",
37178675286,1,111366755690,eth-migration,scale_set,2026-10-04T05:02:37Z,2026-10-04T05:22:47Z,2026-10-04T05:35:59Z,2026-10-04T05:22:50Z,2026-10-04T05:24:54Z,completed,success,1210,792,124,2002,https://github.com/ChainArgos/java-monorepo/actions/runs/37178675286/job/111366755690,"GitHub jobs API snapshot; current-at-review, nonterminal attempt",
37178675286,1,111366755694,legacy-grpc-server,scale_set,2026-10-04T05:02:37Z,2026-10-04T08:08:59Z,2026-10-04T08:23:09Z,2026-10-04T08:09:01Z,2026-10-04T08:10:46Z,completed,success,11182,850,105,12032,https://github.com/ChainArgos/java-monorepo/actions/runs/37178675286/job/111366755694,"GitHub jobs API snapshot; current-at-review, nonterminal attempt",
37178675286,1,111366755706,chainargos-scripts,scale_set,2026-10-04T05:02:37Z,2026-10-04T05:39:44Z,2026-10-04T05:52:53Z,2026-10-04T05:39:48Z,2026-10-04T05:42:04Z,completed,success,2227,789,136,3016,https://github.com/ChainArgos/java-monorepo/actions/runs/37178675286/job/111366755706,"GitHub jobs API snapshot; current-at-review, nonterminal attempt",
37178675286,1,111366755707,chainargos-logo,hosted,2026-10-04T05:02:37Z,2026-10-04T05:02:39Z,2026-10-04T05:05:05Z,2026-10-04T05:02:40Z,2026-10-04T05:03:08Z,completed,success,2,146,28,148,https://github.com/ChainArgos/java-monorepo/actions/runs/37178675286/job/111366755707,"GitHub jobs API snapshot; current-at-review, nonterminal attempt",
37178675286,1,111366755721,processor-compare-app,scale_set,2026-10-04T05:02:37Z,2026-10-04T08:08:55Z,2026-10-04T08:18:17Z,2026-10-04T08:08:58Z,2026-10-04T08:10:42Z,completed,success,11178,562,104,11740,https://github.com/ChainArgos/java-monorepo/actions/runs/37178675286/job/111366755721,"GitHub jobs API snapshot; current-at-review, nonterminal attempt",
37178675286,1,111366755729,coingecko-pricing-app,hosted,2026-10-04T05:02:37Z,2026-10-04T05:02:39Z,2026-10-04T05:13:33Z,2026-10-04T05:02:40Z,2026-10-04T05:02:59Z,completed,success,2,654,19,656,https://github.com/ChainArgos/java-monorepo/actions/runs/37178675286/job/111366755729,"GitHub jobs API snapshot; current-at-review, nonterminal attempt",
37178675286,1,111366755747,bitcoin-processor-app,scale_set,2026-10-04T05:02:37Z,2026-10-04T06:26:21Z,2026-10-04T06:55:06Z,2026-10-04T06:26:26Z,2026-10-04T06:31:50Z,completed,success,5024,1725,324,6749,https://github.com/ChainArgos/java-monorepo/actions/runs/37178675286/job/111366755747,"GitHub jobs API snapshot; current-at-review, nonterminal attempt",
37178675286,1,111366755759,lightdash-csv-delivery-app,scale_set,2026-10-04T05:02:37Z,,,,,queued,,,,,,https://github.com/ChainArgos/java-monorepo/actions/runs/37178675286/job/111366755759,"GitHub jobs API snapshot; current-at-review, nonterminal attempt",queued started_at placeholder removed
37178675286,1,111366755764,tron-processor-app,scale_set,2026-10-04T05:02:37Z,2026-10-04T05:22:54Z,2026-10-04T05:39:01Z,2026-10-04T05:22:57Z,2026-10-04T05:24:54Z,completed,success,1217,967,117,2184,https://github.com/ChainArgos/java-monorepo/actions/runs/37178675286/job/111366755764,"GitHub jobs API snapshot; current-at-review, nonterminal attempt",
37178675286,1,111366755777,processor-rpc-binding,hosted,2026-10-04T05:02:37Z,2026-10-04T05:02:39Z,2026-10-04T05:04:01Z,2026-10-04T05:02:40Z,2026-10-04T05:02:58Z,completed,success,2,82,18,84,https://github.com/ChainArgos/java-monorepo/actions/runs/37178675286/job/111366755777,"GitHub jobs API snapshot; current-at-review, nonterminal attempt",
37178675286,1,111366755782,legacy-migration,scale_set,2026-10-04T05:02:37Z,2026-10-04T08:38:50Z,,2026-10-04T08:38:53Z,2026-10-04T08:40:56Z,in_progress,,12973,,123,,https://github.com/ChainArgos/java-monorepo/actions/runs/37178675286/job/111366755782,"GitHub jobs API snapshot; current-at-review, nonterminal attempt",
37178675286,1,111366755785,coingecko-pricing-app,scale_set,2026-10-04T05:02:37Z,2026-10-04T08:38:44Z,,2026-10-04T08:38:47Z,2026-10-04T08:40:45Z,in_progress,,12967,,118,,https://github.com/ChainArgos/java-monorepo/actions/runs/37178675286/job/111366755785,"GitHub jobs API snapshot; current-at-review, nonterminal attempt",
37178675286,1,111366755788,processor-monitor-app,hosted,2026-10-04T05:02:37Z,2026-10-04T05:02:38Z,2026-10-04T05:11:13Z,2026-10-04T05:02:40Z,2026-10-04T05:02:58Z,completed,success,1,515,18,516,https://github.com/ChainArgos/java-monorepo/actions/runs/37178675286/job/111366755788,"GitHub jobs API snapshot; current-at-review, nonterminal attempt",
37178675286,1,111366755795,processor-rpc-binding,scale_set,2026-10-04T05:02:37Z,2026-10-04T08:18:46Z,2026-10-04T08:27:49Z,2026-10-04T08:18:49Z,2026-10-04T08:23:51Z,completed,success,11769,543,302,12312,https://github.com/ChainArgos/java-monorepo/actions/runs/37178675286/job/111366755795,"GitHub jobs API snapshot; current-at-review, nonterminal attempt",
37178675286,1,111366755806,tron-migration,hosted,2026-10-04T05:02:37Z,2026-10-04T05:02:40Z,2026-10-04T05:09:32Z,2026-10-04T05:02:42Z,2026-10-04T05:03:05Z,completed,success,3,412,23,415,https://github.com/ChainArgos/java-monorepo/actions/runs/37178675286/job/111366755806,"GitHub jobs API snapshot; current-at-review, nonterminal attempt",
37178675286,1,111366755807,processor-monitor-app,scale_set,2026-10-04T05:02:37Z,,,,,queued,,,,,,https://github.com/ChainArgos/java-monorepo/actions/runs/37178675286/job/111366755807,"GitHub jobs API snapshot; current-at-review, nonterminal attempt",queued started_at placeholder removed
37178675286,1,111366755816,tron-processor-app,hosted,2026-10-04T05:02:37Z,2026-10-04T05:02:39Z,2026-10-04T05:18:42Z,2026-10-04T05:02:40Z,2026-10-04T05:03:02Z,completed,success,2,963,22,965,https://github.com/ChainArgos/java-monorepo/actions/runs/37178675286/job/111366755816,"GitHub jobs API snapshot; current-at-review, nonterminal attempt",
37178675286,1,111366755821,chainargos-scripts,hosted,2026-10-04T05:02:37Z,2026-10-04T05:02:39Z,2026-10-04T05:15:58Z,2026-10-04T05:02:40Z,2026-10-04T05:02:59Z,completed,success,2,799,19,801,https://github.com/ChainArgos/java-monorepo/actions/runs/37178675286/job/111366755821,"GitHub jobs API snapshot; current-at-review, nonterminal attempt",
37178675286,1,111366755822,tron-grpc-server,hosted,2026-10-04T05:02:37Z,2026-10-04T05:02:39Z,2026-10-04T05:16:29Z,2026-10-04T05:02:41Z,2026-10-04T05:03:00Z,completed,success,2,830,19,832,https://github.com/ChainArgos/java-monorepo/actions/runs/37178675286/job/111366755822,"GitHub jobs API snapshot; current-at-review, nonterminal attempt",
37178675286,1,111366755837,tron-migration,scale_set,2026-10-04T05:02:37Z,2026-10-04T08:28:38Z,2026-10-04T08:38:20Z,2026-10-04T08:28:41Z,2026-10-04T08:30:30Z,completed,success,12361,582,109,12943,https://github.com/ChainArgos/java-monorepo/actions/runs/37178675286/job/111366755837,"GitHub jobs API snapshot; current-at-review, nonterminal attempt",
37178675286,1,111366755849,tron-grpc-server,scale_set,2026-10-04T05:02:37Z,2026-10-04T06:57:17Z,2026-10-04T07:12:42Z,2026-10-04T06:57:19Z,2026-10-04T06:59:06Z,completed,success,6880,925,107,7805,https://github.com/ChainArgos/java-monorepo/actions/runs/37178675286/job/111366755849,"GitHub jobs API snapshot; current-at-review, nonterminal attempt",
37178675286,1,111366755864,eth-grpc-server,hosted,2026-10-04T05:02:37Z,2026-10-04T05:02:39Z,2026-10-04T05:17:00Z,2026-10-04T05:02:40Z,2026-10-04T05:03:00Z,completed,success,2,861,20,863,https://github.com/ChainArgos/java-monorepo/actions/runs/37178675286/job/111366755864,"GitHub jobs API snapshot; current-at-review, nonterminal attempt",
37178675286,1,111366755942,processor-compare-app,hosted,2026-10-04T05:02:37Z,2026-10-04T05:02:39Z,2026-10-04T05:09:26Z,2026-10-04T05:02:41Z,2026-10-04T05:03:05Z,completed,success,2,407,24,409,https://github.com/ChainArgos/java-monorepo/actions/runs/37178675286/job/111366755942,"GitHub jobs API snapshot; current-at-review, nonterminal attempt",
37178675286,1,111366756125,blockchain-explorer,scale_set,2026-10-04T05:02:37Z,,,,,queued,,,,,,https://github.com/ChainArgos/java-monorepo/actions/runs/37178675286/job/111366756125,"GitHub jobs API snapshot; current-at-review, nonterminal attempt",queued started_at placeholder removed
