workload,hosted_job_seconds,scale_set_job_seconds,hosted_queue_seconds,scale_set_queue_seconds,hosted_setup_seconds,scale_set_setup_seconds,scale_set_conclusion,comparable_terminal_success,scale_set_to_hosted_job_ratio,hosted_job_id,scale_set_job_id
Actionlint,51,143,2,21,31,97,success,True,2.8039,111366563111,111366563195
amq-protocol-types,107,264,1,918,19,116,success,True,2.4673,111366755448,111366755460
bitcoin-grpc-server,416,718,9,112,12,199,success,True,1.726,111366755469,111366755468
bitcoin-migration,547,868,1,21,20,120,success,True,1.5868,111366755462,111366755476
bitcoin-processor-app,845,1725,2,5024,18,324,success,True,2.0414,111366755661,111366755747
blockchain-explorer,938,,2,,21,,queued,False,,111366755604,111366756125
chainargos-logo,146,269,2,921,28,112,success,True,1.8425,111366755707,111366755618
chainargos-scripts,799,789,2,2227,19,136,success,True,0.9875,111366755821,111366755706
coingecko-pricing-app,654,,2,12967,19,118,in_progress,False,,111366755729,111366755785
eth-grpc-server,861,1904,2,3042,20,111,cancelled,False,,111366755864,111366755665
eth-migration,538,792,3,1210,18,124,success,True,1.4721,111366755669,111366755690
eth-processor-app,1124,1900,4,3047,19,110,cancelled,False,,111366755645,111366755668
legacy-grpc-server,810,850,2,11182,19,105,success,True,1.0494,111366755647,111366755694
legacy-migration,398,,2,12973,25,123,in_progress,False,,111366755688,111366755782
lightdash-csv-delivery-app,806,,2,,27,,queued,False,,111366755657,111366755759
processor-compare-app,407,562,2,11178,24,104,success,True,1.3808,111366755942,111366755721
processor-monitor-app,515,,1,,18,,queued,False,,111366755788,111366755807
processor-rpc-binding,82,543,2,11769,18,302,success,True,6.622,111366755777,111366755795
tron-grpc-server,830,925,2,6880,19,107,success,True,1.1145,111366755822,111366755849
tron-migration,412,582,3,12361,23,109,success,True,1.4126,111366755806,111366755837
tron-processor-app,963,967,2,1217,22,117,success,True,1.0042,111366755816,111366755764
