run_id,attempt,job_id,lane,workload,phase,seconds,measurement_basis,nested_within,source_url
37178675286,1,111366755448,hosted,amq-protocol-types,consumer_action_archive_preparation,17.227,Timestamp interval: action repository preparation; includes transfer/extraction/copy,set_up_job,https://github.com/ChainArgos/java-monorepo/actions/runs/37178675286/job/111366755448
37178675286,1,111366755460,scale_set,amq-protocol-types,consumer_action_archive_preparation,102.15,Timestamp interval: action repository preparation; includes transfer/extraction/copy,set_up_job,https://github.com/ChainArgos/java-monorepo/actions/runs/37178675286/job/111366755460
37178675286,1,111366755645,hosted,eth-processor-app,checkout,10.827,Composite action duration_ms marker,,https://github.com/ChainArgos/java-monorepo/actions/runs/37178675286/job/111366755645
37178675286,1,111366755645,hosted,eth-processor-app,setup_mise,3.903,Composite action duration_ms marker,,https://github.com/ChainArgos/java-monorepo/actions/runs/37178675286/job/111366755645
37178675286,1,111366755645,hosted,eth-processor-app,acquire_generator,0.38,Composite action duration_ms marker,,https://github.com/ChainArgos/java-monorepo/actions/runs/37178675286/job/111366755645
37178675286,1,111366755645,hosted,eth-processor-app,download_plan,1.302,Composite action duration_ms marker,,https://github.com/ChainArgos/java-monorepo/actions/runs/37178675286/job/111366755645
37178675286,1,111366755645,hosted,eth-processor-app,prepare_pinned_tools,17.934,Composite action duration_ms marker,,https://github.com/ChainArgos/java-monorepo/actions/runs/37178675286/job/111366755645
37178675286,1,111366755645,hosted,eth-processor-app,prepare_rust_components,0.122,Composite action duration_ms marker,,https://github.com/ChainArgos/java-monorepo/actions/runs/37178675286/job/111366755645
37178675286,1,111366755645,hosted,eth-processor-app,restore_cargo_sources,3.64,Composite action duration_ms marker,,https://github.com/ChainArgos/java-monorepo/actions/runs/37178675286/job/111366755645
37178675286,1,111366755645,hosted,eth-processor-app,mbx_action_setup,9.796,Composite action duration_ms marker,,https://github.com/ChainArgos/java-monorepo/actions/runs/37178675286/job/111366755645
37178675286,1,111366755645,hosted,eth-processor-app,prepare_mbx_bundle_key,0.021,Composite action duration_ms marker,,https://github.com/ChainArgos/java-monorepo/actions/runs/37178675286/job/111366755645
37178675286,1,111366755645,hosted,eth-processor-app,restore_manual_mbx_bundle,0.368,Composite action duration_ms marker,,https://github.com/ChainArgos/java-monorepo/actions/runs/37178675286/job/111366755645
37178675286,1,111366755645,hosted,eth-processor-app,clippy,238.084,Composite action duration_ms marker,,https://github.com/ChainArgos/java-monorepo/actions/runs/37178675286/job/111366755645
37178675286,1,111366755645,hosted,eth-processor-app,development_build_labeled_test_build,188.713,Composite action duration_ms marker,,https://github.com/ChainArgos/java-monorepo/actions/runs/37178675286/job/111366755645
37178675286,1,111366755645,hosted,eth-processor-app,nextest_step,538.881,Composite action duration_ms marker,,https://github.com/ChainArgos/java-monorepo/actions/runs/37178675286/job/111366755645
37178675286,1,111366755645,hosted,eth-processor-app,doctests,4.87,Composite action duration_ms marker,,https://github.com/ChainArgos/java-monorepo/actions/runs/37178675286/job/111366755645
37178675286,1,111366755645,hosted,eth-processor-app,documentation,65.138,Composite action duration_ms marker,,https://github.com/ChainArgos/java-monorepo/actions/runs/37178675286/job/111366755645
37178675286,1,111366755645,hosted,eth-processor-app,test_compilation_reported,307,Cargo log rounded duration: 5m07s,nextest_step,https://github.com/ChainArgos/java-monorepo/actions/runs/37178675286/job/111366755645
37178675286,1,111366755645,hosted,eth-processor-app,test_execution_reported,229.887,Nextest reported test execution duration,nextest_step,https://github.com/ChainArgos/java-monorepo/actions/runs/37178675286/job/111366755645
37178675286,2,111444356886,scale_set,tron-migration,queue_wait,10947,GitHub API created_at to started_at,,https://github.com/ChainArgos/java-monorepo/actions/runs/37178675286/job/111444356886
37178675286,2,111444356886,scale_set,tron-migration,job_execution,1245,GitHub API started_at to completed_at,,https://github.com/ChainArgos/java-monorepo/actions/runs/37178675286/job/111444356886
37178675286,2,111444356886,scale_set,tron-migration,set_up_job,130,GitHub API step timestamps,job_execution,https://github.com/ChainArgos/java-monorepo/actions/runs/37178675286/job/111444356886
37178675286,2,111444356886,scale_set,tron-migration,consumer_action_archive_preparation,117.107,Log interval includes transfer extraction and copy,set_up_job,https://github.com/ChainArgos/java-monorepo/actions/runs/37178675286/job/111444356886
37178675286,2,111444356886,scale_set,tron-migration,checkout,18.992,Composite action duration_ms marker,,https://github.com/ChainArgos/java-monorepo/actions/runs/37178675286/job/111444356886
37178675286,2,111444356886,scale_set,tron-migration,mbx_action_setup,14.4,Composite action duration_ms marker,,https://github.com/ChainArgos/java-monorepo/actions/runs/37178675286/job/111444356886
37178675286,2,111444356886,scale_set,tron-migration,clippy,117.896,Composite action duration_ms marker,,https://github.com/ChainArgos/java-monorepo/actions/runs/37178675286/job/111444356886
37178675286,2,111444356886,scale_set,tron-migration,development_build_labeled_test_build,82.496,Composite action duration_ms marker,,https://github.com/ChainArgos/java-monorepo/actions/runs/37178675286/job/111444356886
37178675286,2,111444356886,scale_set,tron-migration,nextest_step,643.754,Composite duration marker; one test passed,job_execution,https://github.com/ChainArgos/java-monorepo/actions/runs/37178675286/job/111444356886
37178675286,2,111444356886,scale_set,tron-migration,test_profile_compilation_reported,595,Cargo log rounded duration 9m55s,nextest_step,https://github.com/ChainArgos/java-monorepo/actions/runs/37178675286/job/111444356886
37178675286,2,111444356886,scale_set,tron-migration,test_execution_reported,43.233,Nextest reported summary duration,nextest_step,https://github.com/ChainArgos/java-monorepo/actions/runs/37178675286/job/111444356886
37178675286,2,111444356580,scale_set,eth-migration,queue_wait,12310,GitHub API created_at to started_at,,https://github.com/ChainArgos/java-monorepo/actions/runs/37178675286/job/111444356580
37178675286,2,111444356580,scale_set,eth-migration,job_execution,1282,GitHub API started_at to completed_at,,https://github.com/ChainArgos/java-monorepo/actions/runs/37178675286/job/111444356580
37178675286,2,111444356580,scale_set,eth-migration,set_up_job,247,GitHub API step timestamps,job_execution,https://github.com/ChainArgos/java-monorepo/actions/runs/37178675286/job/111444356580
37178675286,2,111444356580,scale_set,eth-migration,consumer_action_archive_preparation,231.665,Log interval includes transfer extraction and copy,set_up_job,https://github.com/ChainArgos/java-monorepo/actions/runs/37178675286/job/111444356580
37178675286,2,111444356580,scale_set,eth-migration,checkout,24.105,Composite action duration_ms marker,,https://github.com/ChainArgos/java-monorepo/actions/runs/37178675286/job/111444356580
37178675286,2,111444356580,scale_set,eth-migration,mbx_action_setup,21.318,Composite action duration_ms marker,,https://github.com/ChainArgos/java-monorepo/actions/runs/37178675286/job/111444356580
37178675286,2,111444356580,scale_set,eth-migration,clippy,237.657,Composite action duration_ms marker,,https://github.com/ChainArgos/java-monorepo/actions/runs/37178675286/job/111444356580
37178675286,2,111444356580,scale_set,eth-migration,development_build_labeled_test_build,222.208,Composite action duration_ms marker,,https://github.com/ChainArgos/java-monorepo/actions/runs/37178675286/job/111444356580
37178675286,2,111444356580,scale_set,eth-migration,nextest_step,370.817,Composite duration marker; two tests passed,job_execution,https://github.com/ChainArgos/java-monorepo/actions/runs/37178675286/job/111444356580
37178675286,2,111444356580,scale_set,eth-migration,test_profile_compilation_reported,337,Cargo log rounded duration 5m37s,nextest_step,https://github.com/ChainArgos/java-monorepo/actions/runs/37178675286/job/111444356580
37178675286,2,111444356580,scale_set,eth-migration,test_execution_reported,26.723,Nextest reported summary duration,nextest_step,https://github.com/ChainArgos/java-monorepo/actions/runs/37178675286/job/111444356580
37178675286,2,111444356812,scale_set,legacy-grpc-server,queue_wait,4416,GitHub API created_at to started_at,,https://github.com/ChainArgos/java-monorepo/actions/runs/37178675286/job/111444356812
37178675286,2,111444356812,scale_set,legacy-grpc-server,job_execution,1647,GitHub API started_at to completed_at,,https://github.com/ChainArgos/java-monorepo/actions/runs/37178675286/job/111444356812
37178675286,2,111444356812,scale_set,legacy-grpc-server,set_up_job,149,GitHub API step timestamps,job_execution,https://github.com/ChainArgos/java-monorepo/actions/runs/37178675286/job/111444356812
37178675286,2,111444356812,scale_set,legacy-grpc-server,consumer_action_archive_preparation,132.294,Log interval includes transfer extraction and copy,set_up_job,https://github.com/ChainArgos/java-monorepo/actions/runs/37178675286/job/111444356812
37178675286,2,111444356812,scale_set,legacy-grpc-server,checkout,23.414,Composite action duration_ms marker,,https://github.com/ChainArgos/java-monorepo/actions/runs/37178675286/job/111444356812
37178675286,2,111444356812,scale_set,legacy-grpc-server,mbx_action_setup,299.316,Composite action duration_ms marker,,https://github.com/ChainArgos/java-monorepo/actions/runs/37178675286/job/111444356812
37178675286,2,111444356812,scale_set,legacy-grpc-server,clippy,257.695,Composite action duration_ms marker,,https://github.com/ChainArgos/java-monorepo/actions/runs/37178675286/job/111444356812
37178675286,2,111444356812,scale_set,legacy-grpc-server,development_build_labeled_test_build,247.541,Composite action duration_ms marker,,https://github.com/ChainArgos/java-monorepo/actions/runs/37178675286/job/111444356812
37178675286,2,111444356812,scale_set,legacy-grpc-server,nextest_step,542.516,Composite duration marker; 74 passed and 2 failed,job_execution,https://github.com/ChainArgos/java-monorepo/actions/runs/37178675286/job/111444356812
37178675286,2,111444356757,scale_set,eth-processor-app,queue_wait,5077,GitHub API created_at to started_at,,https://github.com/ChainArgos/java-monorepo/actions/runs/37178675286/job/111444356757
37178675286,2,111444356757,scale_set,eth-processor-app,job_execution,1832,GitHub API started_at to completed_at,,https://github.com/ChainArgos/java-monorepo/actions/runs/37178675286/job/111444356757
37178675286,2,111444356757,scale_set,eth-processor-app,set_up_job,404,GitHub API step timestamps,job_execution,https://github.com/ChainArgos/java-monorepo/actions/runs/37178675286/job/111444356757
37178675286,2,111444356757,scale_set,eth-processor-app,consumer_action_archive_preparation,377.927,Log interval includes transfer extraction and copy,set_up_job,https://github.com/ChainArgos/java-monorepo/actions/runs/37178675286/job/111444356757
37178675286,2,111444356757,scale_set,eth-processor-app,checkout,32.803,Composite action duration_ms marker,,https://github.com/ChainArgos/java-monorepo/actions/runs/37178675286/job/111444356757
37178675286,2,111444356757,scale_set,eth-processor-app,mbx_action_setup,32.448,Composite action duration_ms marker,,https://github.com/ChainArgos/java-monorepo/actions/runs/37178675286/job/111444356757
37178675286,2,111444356757,scale_set,eth-processor-app,clippy,206.952,Composite action duration_ms marker,,https://github.com/ChainArgos/java-monorepo/actions/runs/37178675286/job/111444356757
37178675286,2,111444356757,scale_set,eth-processor-app,development_build_labeled_test_build,348.41,Composite action duration_ms marker,,https://github.com/ChainArgos/java-monorepo/actions/runs/37178675286/job/111444356757
37178675286,2,111444356757,scale_set,eth-processor-app,nextest_step_cancelled,689.334,Composite marker; cancelled while compilation was active; no test result,job_execution,https://github.com/ChainArgos/java-monorepo/actions/runs/37178675286/job/111444356757
