source_worktree_path	worktree_name	head_commit	head_tree	branch	head_parents	merge_base_current_main	merge_base_r1_checkpoint	upstream	dirty_status_rows
/private/tmp/velnor-scheduler-cleanup-composite	velnor-scheduler-cleanup-composite	7581150e73df43aeaa8a7b8ab80157c87afa02d7	01e84a09f7040a9cc317b336f853f6f141bb9a12	(detached)	ed6a8096a3e0b8cb37aaf20b59a73c9c9a907663		a917608caa7b1b2ce368fd11d842a60ae383748b		41
/private/tmp/velnor-scheduler-combined	velnor-scheduler-combined	2f0317f336b6f803376db85ac5404014768c06f4	6db4ec7da907d806def765eea651fddba38002e4	(detached)	b018d078b82672c4e94647c044b2e61c11fa74b2 f2e9f85678ae39927e9712f79db7dc776531cea2		a917608caa7b1b2ce368fd11d842a60ae383748b		1
/private/tmp/velnor-scheduler-completion-test	velnor-scheduler-completion-test	8a1d4e92f8a01c011de4e99e650ac78fa295a588	76c11ab47682d88ebe80823258c07323b1bc9dd3	(detached)	c62654eb3691ae1401fb5624a2378f6b80556513		a917608caa7b1b2ce368fd11d842a60ae383748b		25
/private/tmp/velnor-scheduler-diagnostic-d3f1	velnor-scheduler-diagnostic-d3f1	81f3119e5bfcc03f55828cf789769bd0da978979	b82591159d25172d5b01539bdb65640c7074a58b	(detached)	31842c679d2a0e9434db82bac1a993dd45fb89af		a917608caa7b1b2ce368fd11d842a60ae383748b		17
/private/tmp/velnor-scheduler-docker-delete-test	velnor-scheduler-docker-delete-test	b018d078b82672c4e94647c044b2e61c11fa74b2	00949e6c55a65155097cb9cb00bb5e4a41ffad21	(detached)	7581150e73df43aeaa8a7b8ab80157c87afa02d7		a917608caa7b1b2ce368fd11d842a60ae383748b		32
/private/tmp/velnor-scheduler-lifecycle-fix	velnor-scheduler-lifecycle-fix	dac41338802dcf0ca55cd01d66dd099e08f06058	ea0427dbecdce2f52a8dcbb2a893a7c2e22dcf4c	(detached)	0deeaf411dde3889625f0c0894726ba70dedbad4		a917608caa7b1b2ce368fd11d842a60ae383748b		17
/private/tmp/velnor-scheduler-quota-composite	velnor-scheduler-quota-composite	7581150e73df43aeaa8a7b8ab80157c87afa02d7	01e84a09f7040a9cc317b336f853f6f141bb9a12	(detached)	ed6a8096a3e0b8cb37aaf20b59a73c9c9a907663		a917608caa7b1b2ce368fd11d842a60ae383748b		39
/private/tmp/velnor-scheduler-turn-path-test	velnor-scheduler-turn-path-test	7581150e73df43aeaa8a7b8ab80157c87afa02d7	01e84a09f7040a9cc317b336f853f6f141bb9a12	(detached)	ed6a8096a3e0b8cb37aaf20b59a73c9c9a907663		a917608caa7b1b2ce368fd11d842a60ae383748b		38
/private/tmp/velnor-scheduler-work	velnor-scheduler-work	ed6a8096a3e0b8cb37aaf20b59a73c9c9a907663	011bff09d2d8c5cc75a14ea4c912776ab1bffa47	(detached)	81f3119e5bfcc03f55828cf789769bd0da978979		a917608caa7b1b2ce368fd11d842a60ae383748b		14
/private/tmp/velnor-seeds-durability-test	velnor-seeds-durability-test	eaebeb96a8ff53ec9c412870cacd93d8a6461452	c1a404aa5e734eb2e06eed06fe5a23c4191e165d	(detached)	0b5e8eb3353256a75281ef62a8f453b8b6ecde6b		a917608caa7b1b2ce368fd11d842a60ae383748b		2
/private/tmp/velnor-seeds-open-existing-final-test	velnor-seeds-open-existing-final-test	81f3119e5bfcc03f55828cf789769bd0da978979	b82591159d25172d5b01539bdb65640c7074a58b	(detached)	31842c679d2a0e9434db82bac1a993dd45fb89af		a917608caa7b1b2ce368fd11d842a60ae383748b		4
/private/tmp/velnor-seeds-open-existing-test	velnor-seeds-open-existing-test	81f3119e5bfcc03f55828cf789769bd0da978979	b82591159d25172d5b01539bdb65640c7074a58b	(detached)	31842c679d2a0e9434db82bac1a993dd45fb89af		a917608caa7b1b2ce368fd11d842a60ae383748b		4
/private/tmp/velnor-seeds-prep-final	velnor-seeds-prep-final	0b5e8eb3353256a75281ef62a8f453b8b6ecde6b	0ebc1c7edea7a27b5840671a58dccf18ea736ca9	(detached)	e578757483b87f2118f663f80738d1c93f516547		a917608caa7b1b2ce368fd11d842a60ae383748b		3
/private/tmp/velnor-seeds-prep-nogetter	velnor-seeds-prep-nogetter	0b5e8eb3353256a75281ef62a8f453b8b6ecde6b	0ebc1c7edea7a27b5840671a58dccf18ea736ca9	(detached)	e578757483b87f2118f663f80738d1c93f516547		a917608caa7b1b2ce368fd11d842a60ae383748b		3
/private/tmp/velnor-seeds-prep-test	velnor-seeds-prep-test	0b5e8eb3353256a75281ef62a8f453b8b6ecde6b	0ebc1c7edea7a27b5840671a58dccf18ea736ca9	(detached)	e578757483b87f2118f663f80738d1c93f516547		a917608caa7b1b2ce368fd11d842a60ae383748b		3
/private/tmp/velnor-seeds-recovery-durable-test	velnor-seeds-recovery-durable-test	eaebeb96a8ff53ec9c412870cacd93d8a6461452	c1a404aa5e734eb2e06eed06fe5a23c4191e165d	(detached)	0b5e8eb3353256a75281ef62a8f453b8b6ecde6b		a917608caa7b1b2ce368fd11d842a60ae383748b		6
/private/tmp/velnor-seeds-recovery-isolated	velnor-seeds-recovery-isolated	eaebeb96a8ff53ec9c412870cacd93d8a6461452	c1a404aa5e734eb2e06eed06fe5a23c4191e165d	(detached)	0b5e8eb3353256a75281ef62a8f453b8b6ecde6b		a917608caa7b1b2ce368fd11d842a60ae383748b		5
/private/tmp/velnor-seeds-recovery-test	velnor-seeds-recovery-test	e7f24f4439a38e1f101cec6ad083e0c587742c64	318ec0bcf85f2319c4e21136ffdce240d1d1f447	(detached)	6411ad3953bc572b719f62559d4ecbe7800f1432		a917608caa7b1b2ce368fd11d842a60ae383748b		3
/private/tmp/velnor-seeds-test	velnor-seeds-test	a0d97950d880d37c764d739bbfba09d0d061e1c0	89b83b2ca7d25220b1f584d36e4b658e950693e2	(detached)	45f43dddfb3bd525b5ab0af118dca8af7afc071a		a917608caa7b1b2ce368fd11d842a60ae383748b		1
